,X,type,name,label,hint,required,relevant,choice_filter,appearance,constraint,constraint_message,repeat_count,calculation
1,1,start,start,,,,,,,,,,
2,2,end,end,,,,,,,,,,
3,3,today,today,,,,,,,,,,
4,4,deviceid,deviceid,,,,,,,,,,
5,5,text,enumerator,Name of enumerator,,TRUE,,,,,,,
6,6,begin group,A,Introduction,,,,,,,,,
7,7,select.one yn.list,consent,My name is ${enumerator}. We are conducting a joint assessment on behalf of the humanitarian community to better understand the needs and situation of your household. The survey should take about 40 minutes to complete.  Any information that you provide will be confidential and also anonymous. This is voluntary and you can choose not to answer any or all of the questions; however we hope that you will participate since your views are important.  Do you have any questions? Are you willing to be interviewed?,,TRUE,,,,,,,
8,8,select.one time.in.settlement.list,time.in.settlement,How long have you been in this settlement? ,,,,,,,,,
9,9,select.one respondent.type.list,respondent.type,Are you interviewing a refugee or host community member?,,TRUE,,,,,,,
10,10,select.one refugee.settlement.list,refugee.settlement,In which refugee settlement is this interview taking place?,,TRUE,"selected(${respondent.type}, ""refugee"")",,,,,,
11,11,select.one refugee.settlement.zone.list,refugee.settlement.zone,In which zone of ${refugee_settlement} is this interview taking place?,,TRUE,"selected(${refugee_settlement}, ""bidibidi"") or selected(${refugee_settlement}, ""imvepi"") or selected(${refugee_settlement}, ""rhino_camp"") or selected(${refugee_settlement}, ""nakivale"") or selected(${refugee_settlement}, ""palorinya"") ",settlement = ${refugee_settlement},,,,,
12,12,select.one refugee.settlement.zone.list,refugee.settlement.zone.other,In which zone of ${refugee_settlement} is this interview taking place?,"Other, please specify:",TRUE,"selected(${refugee_settlement_zone}, ""other"")",,,,,,
13,13,select.one district.list,district,In which district is this interview taking place?,,TRUE,"selected(${respondent_type}, ""host_community"")",,,,,,
14,14,select.one subcounty.list,subcounty,In which subcounty is this interview taking place?,,TRUE,"selected(${respondent_type}, ""host_community"")",district = ${district},minimal,,,,
15,15,select.one place.list,place,In which village or town is this interview taking place?,,TRUE,"selected(${respondent_type}, ""host_community"")",district = ${district} and subcounty = ${subcounty},minimal,,,,
16,16,text,place.other,In which village or town is this interview taking place?,"Other, please specify:",TRUE,"selected(${place}, ""other"")",,,,,,
17,17,select.one strata.list,strata,Settlement or district strata for HC/refugee,,TRUE,,,,,,,
18,18,integer,point.number,What is the number of the point on the map you are surveying at?,,TRUE,"selected(${consent}, ""yes"")",,,,,,
19,19,integer,respondent.age,How old are you?,"Respondent must be at least 15. If not, cancel the survey and proceed to the next sample.",TRUE,"selected(${consent}, ""yes"")",,,.>=15 and . <= 120,The inputted age is below 15 or above 120.,,
20,20,select.one sex.list,respondent.sex,Sex of the respondent,"Do not ask this question, use observation.",TRUE,"selected(${consent}, ""yes"")",,,,,,
21,21,select.one yn.list,head.of.household,Are you the head of household and able to speak with knowledge about the household?,"Respondent must be able to speak for the household and about the household in general, including on hygiene and water consumption practices, food security, and more. If not, proceed to the next household.",TRUE,"selected(${consent}, ""yes"")",,,,,,
22,22,select.one yn.list,hoh.equivalent,"We want to know about needs, vulnerabilities and the situation of your household, can you answer for the whole household on behalf of the head of household?","Respondent must be able to speak for the household and about the household in general, including on hygiene and water consumption practices, food security, and more. If not, proceed to the next household.",TRUE,"selected(${head_of_household}, ""no"")",,,,,,
23,23,text,respondent.telephone,What is a telephone number we can contact you at if we have any further questions?,Skip if the respondent does not want to provide a telephone number or does not have one.,,"selected(${consent}, ""yes"")",,numbers,"regex(., ""^[0-9]{1}[0-9]{9}$"")",Must be a valid 10-digit Ugandan telephone number,,
24,24,end group,,,,,,,,,,,
25,25,begin group,B,Household demographics,,,"(selected(${head_of_household}, ""yes"") or selected(${hoh_equivalent}, ""yes""))",,,,,,
26,26,select.one sex.list,hoh.sex,What is the sex of the head of household?,Make sure you ask for the sex of the Head of Household (person that makes decisions for the family) and not just the interviewee.,TRUE,"selected(${head_of_household}, ""no"")",,,,,,
27,27,select.one marital.status.list,marital.status,What is the marital status of the head of household?,Make sure you ask for the marital status of the Head of Household (person that makes decisions for the family) if the interviewee is not the HoH.,TRUE,,,,,,,
28,28,select.one nationality.list,nationality,What is the nationality of the head of household?,Make sure you ask for the nationality of the Head of Household (person that makes decisions for the family) if the interviewee is not the HoH.,TRUE,,,minimal,,"If Head of Household is Ugandan, go back and change to host community member. ",,
29,29,text,nationality.other,What is the nationality of the head of household?,"Other, please specify:",TRUE,"selected(${nationality}, ""other"")",,,,,,
30,30,begin group,b1,Household population,"Members of the household who regularly share resources, such as water, food, and living space; not temporary visitors such as friends and family",,,,,,,,
31,31,integer,males.0.2,Males 0-2,,TRUE,,,,.>=0 and .<=25,Must be above 0 and under 25,,
32,32,integer,females.0.2,Females 0-2,,TRUE,,,,.>=0 and .<=25,Must be above 0 and under 25,,
33,33,integer,males.3.5,Males 3-5,,TRUE,,,,.>=0 and .<=25,Must be above 0 and under 25,,
34,34,integer,females.3.5,Females 3-5,,TRUE,,,,.>=0 and .<=25,Must be above 0 and under 25,,
35,35,integer,males.6.12,Males 6-12,,TRUE,,,,.>=0 and .<=25,Must be above 0 and under 25,,
36,36,integer,females.6.12,Females 6-12,,TRUE,,,,.>=0 and .<=25,Must be above 0 and under 25,,
37,37,integer,males.13.18,Males 13-18,,TRUE,,,,.>=0 and .<=25,Must be above 0 and under 25,,
38,38,integer,females.13.18,Females 13-18,,TRUE,,,,.>=0 and .<=25,Must be above 0 and under 25,,
39,39,integer,males.18.59,Males 19-59,,TRUE,,,,.>=0 and .<=25,Must be above 0 and under 25,,
40,40,integer,females.18.59,Females  19-59,,TRUE,,,,.>=0 and .<=25,Must be above 0 and under 25,,
41,41,integer,males.60.over,Males 60+,,TRUE,,,,.>=0 and .<=25,Must be above 0 and under 25,,
42,42,integer,females.60.over,Female 60+,,TRUE,,,,.>=0 and .<=25,Must be above 0 and under 25,,
43,43,end group,,,,,,,,,,,
44,44,calculate,calc.boys.ed,,,,,,,,,,${males_3_5} + ${males_6_12} + ${males_13_18}
45,45,calculate,calc.girls.ed,,,,,,,,,,${females_3_5} + ${females_6_12} + ${females_13_18}
46,46,calculate,calc.boys,,,,,,,,,,${males_0_2} + ${calc_boys_ed}
47,47,calculate,calc.girls,,,,,,,,,,${females_0_2} + ${calc_girls_ed}
48,48,calculate,calc.5.and.under,,,,,,,,,,${males_0_2} + ${males_3_5} + ${females_0_2} + ${females_3_5}
49,49,calculate,calc.minors,,,,,,,,,,${calc_boys} + ${calc_girls}
50,50,calculate,calc.males,,,,,,,,,,${calc_boys} + ${males_18_59} + ${males_60_over}
51,51,calculate,calc.females,,,,,,,,,,${calc_girls} + ${females_18_59} + ${females_60_over}
52,52,calculate,calc.household,,,,,,,,,,${calc_males} + ${calc_females}
53,53,calculate,calc.working.age,,,,,,,,,,${males_18_59} + ${females_18_59}
54,54,begin group,b2,Household size,,,,,,,,,
55,55,integer,household.size,What is the total household size?,"Members of the household who regularly share resources, such as water, food, and living space, not temporary visitors such as friends and family",TRUE,,,,,,,
56,56,note,household.size.note,The total household size provided does not match previously given household population data. Please double check the figures.,,,${household_size} != ${calc_household},,,,,,
57,57,end group,,,,,,,,,,,
58,58,begin group,b3,Vulnerable household members,,,,,,,,,
59,59,note,vulnerable.hh.note,How many members of the household fall into the following categories?,Leave blank if the respondent doesn't wish to respond or doesn't know,,,,,,,,
60,60,integer,unaccompanied.minor,Unaccompanied child/minor,"Not with primary caregiver or extended family, but the status of the parents is unclear or they are known to be alive. (count orphans separately in the next question)",,${calc_minors} > 0,,,. >= 0 and . <= ${calc_minors},,,
61,61,integer,orphan,Orphan,"Not with primary caregiver or extended family, but it is known that the parents are dead.",,${calc_minors} > 0,,,. >= 0 and . <= ${calc_minors},,,
62,62,integer,separated.minor,Separated child/minor,"Separated from his/her primary caregiver (usually parents) but still with his extended family (close relatives, usually)",,${calc_minors} > 0,,,. >= 0 and . <= (${calc_minors} - ${unaccompanied_minor}),,,
63,63,integer,chronic.ill,Suffering from a chronic illness or disease,"These typically include long term health issues such as disorders (digestive, haematological, neurological, respiratory, etc.), diseases (cardiovascular, cerebrovascular, etc.) and cancer",,,,,. >= 0 and . <= ${calc_household},,,
64,64,integer,disabled,Suffering from a disability,"Intellectual (down syndrome, autism, fragile x syndrome etc), mental health problem (anxiety, depression, PTSD, bipolar disorder, esquizophrenia), physical and sensory (hearing, visual, physical, speech)",,,,,,,,
65,65,calculate,vulnerable.members,,,,,,,,,,${unaccompanied_minor} + ${orphan} + ${separated_minor} + ${chronic_ill} +${disabled}
66,66,integer,pregnant.lactating,Pregnant and/or lactating women,Include both pregnant women and women that are breastfeeding,,${females_6_12} + ${females_13_18} + ${females_18_59} > 0,,,. >= 0 and . <= (${females_6_12} + ${females_13_18} + ${females_18_59}),Number should not exceed number of females aged 6 and over in HH,,
67,67,end group,,,,,,,,,,,
68,68,end group,,,,,,,,,,,
69,69,begin group,C,Protection,,,"(selected(${head_of_household}, ""yes"") or selected(${hoh_equivalent}, ""yes""))",,,,,,
70,70,select.multiple biggest.needs.list,biggest.needs,What do you think are the biggest needs of the household?,"i.e. what services need improving. Do not read the response options, select them based on their responses. If the respondent says more than 3 sources, prompt them to choose the primary 3.",TRUE,,,,"not((selected(., ""no_answer"") or selected(., ""none"")) and count-selected(.) > 1) and not(count-selected(.) > 3)","You cannot choose ""None"" or ""I don't know or I don't want to answer"" with another answer. Cannot choose more than 3 responses",,
71,71,begin group,c1,Displacement,,,"selected(${respondent_type}, ""refugee"")",,,,,,
72,72,select.one origin.location.list,origin.location,Where did you/your household live most recently before being displaced to ${refugee_settlement}?,"Do not consider temporary stops along the way (e.g. staying with friends during the journey, reception center stay, etc.). Should only be the last place the household lived where they had planned to remain permanently or for a period longer than 3 months.",TRUE,,,,,,,
73,73,text,origin.location.other,Where did you/your household live most recently before being displaced to ${refugee_settlement}?,"Other, please specify:",TRUE,"selected(${origin_location}, ""other"")",,,,,,
74,74,select.one origin.level.1.list,origin.level.1,Where did you/your household live in ${origin_location}?,,TRUE,"not(selected(${origin_location}, ""no_answer""))",origin = ${origin_location},minimal,,,,
75,75,text,origin.level.1.other,Where did you/your household live in ${origin_location}?,"Other, please specify:",TRUE,"selected(${origin_level_1}, ""other"")",,,,,,
76,76,select.one origin.level.2.list,origin.level.2,Where did you/your household live in ${origin_level_1}?,,TRUE,"not(selected(${origin_location}, ""no_answer"") or selected(${origin_level_1}, ""no_answer"") or selected(${origin_location}, ""uganda_settlement"") or selected(${origin_location}, ""uganda_out_of_settlement""))",origin = ${origin_location} and level_1 = ${origin_level_1},minimal,,,,
77,77,text,origin.level.2.other,Where did you/your household live in ${origin_level_1}?,"Other, please specify:",TRUE,"selected(${origin_level_2}, ""other"")",,,,,,
78,78,date,date.displaced,"When was you/your household displaced from ${origin_level_2}, ${origin_level_1}?","month, year",TRUE,,,month-year,. <= ${today},,,
79,79,date,date.arrival,When did the household arrive in (${refugee_settlement})?,,TRUE,,,month-year,. <= ${today} and . >= ${date_displaced},Date must be earlier than today and later than date of displacement,,
80,80,end group,,,,,,,,,,,
81,81,begin group,c2,Registration,,,"selected(${respondent_type}, ""refugee"")",,,,,,
82,82,select.one yn.dk.list,origin.id,Does your household have identification from your country of origin?,"(e.g. birth certificates, national IDs, driver licenses)",TRUE,,,,,,,
83,83,select.one yn.dk.list,registration,Is your household currently registered as refugees in Uganda?,"By registration, we mean that the household as an attestation letter or ID card provided by OPM. This does not include the verification process by UNHCR.",TRUE,,,,,,,
84,84,select.one yn.dk.list,verification,Has your household verified their refugee status in Uganda through the ongoing UNHCR/OPM exercise?,"By verification, we mean the collection of biometric information (photographs, fingerprints, and iris images) started in 2018 to verify your existing OPM registration.",TRUE,"selected(${registration}, ""yes"")",,,,,,
85,85,select.one yn.dk.list,psn,Do any of the household members have a specific needs ID card provided by UNHCR or an NGO?,"This includes for example persons with disabilities, elderly persons, and pregnant/lactating women etc.",TRUE,,,,,,,
86,86,integer,disabled.psn,How many of the disabled members of the household have a PSN ID?,Skip if the respondent doesn't know. Probe if the number given is more than what was reported in the household demographics. ,,"(${disabled} > 0) and selected(${psn}, ""yes"")",,,. <= ${disabled} and . >= 0,Can't be more than the number of disabled and can't be less than 0,,
87,87,integer,pregnant.lactating.psn,How many of the pregnant/lactating members of the household have a PSN ID?,Skip if the respondent doesn't know. Probe if the number given is more than what was reported in the household demographics. ,,"(${pregnant_lactating} > 0) and selected(${psn}, ""yes"")",,,. <= ${pregnant_lactating} and . >= 0,Can't be more than the number of pregnant and/or lactating women and can't be less than 0,,
88,88,integer,elderly.psn,How many of the elderly members of the household have a PSN ID?,Skip if the respondent doesn't know. Probe if the number given is more than what was reported in the household demographics. ,,"(${males_60_over} + ${females_60_over} > 0) and selected(${psn}, ""yes"")",,,. <= ${males_60_over} + ${females_60_over} and . >= 0,Can't be more than the number of elderly household members and can't be less than 0,,
89,89,select.one yn.dk.list,born.uganda,Were any children in the household aged 5 or under born in Uganda?,,TRUE,${calc_5_and_under} > 0,,,,,,
90,90,integer,born.uganda.number,How many children in the household aged 5 and under were born in Uganda?,Skip if the respondent doesn't know.,,"selected(${born_uganda}, ""yes"")",,,. <= ${calc_5_and_under} and . >= 0,Can't be more than the number of children 5 and under and can't be less than 0,,
91,91,integer,born.uganda.registered,How many of these children born in Uganda have been registered at birth?,Skip if the respondent doesn't know.,,"selected(${born_uganda}, ""yes"")",,,. <= ${born_uganda_number} and . >= 0,Can't be more than the number of children born in Uganda and can't be less than 0,,
92,92,end group,,,,,,,,,,,
93,93,select.one yn.dk.list,child.prot.support.campaign,Have any members of the household been reached by child protection support awareness campaigns?,"This could be by: attending focus group discussions, dramas, or trainings; hearing messages on the radio or TV; working with community groups; etc.",TRUE,,,,,,,
94,94,select.one yn.dk.list,psych.support.campaign,Have any members of the household been reached by psychosocial support awareness campaigns?,"This could be by: attending focus group discussions, dramas, or trainings; hearing messages on the radio or TV; working with community groups; etc.",TRUE,,,,,,,
95,95,select.one yn.dk.list,sgbv.support.campaign,Have any members of the household been reached by sexual and gender based violence (SGBV) awareness campaigns?,"This could be by: attending focus group discussions, dramas, or trainings; hearing messages on the radio or TV; working with community groups; etc.",TRUE,,,,,,,
96,96,select.one yn.dk.list,psych.distress,Are any members of the household scared or in psychological distress?,"While this is a self-assessment, this may include mild to crippling forms of depression, post-traumatic stress disorder (PTSD), anxiety, and/or psychosis",TRUE,,,,,,,
97,97,select.one psych.distress.therapy.list,psych.distress.therapy,Have these members accessed psychosocial care?,,TRUE,"selected(${psych_distress}, ""yes"")",,,,,,
98,98,begin group,c3,Children at risk,,,${separated_minor} + ${unaccompanied_minor} + ${orphan} > 0,,,,,,
99,99,select.one separated.children.list,uasc.parent.location,Where are the parents of the separated or unaccompanied children living in the household?,,TRUE,${separated_minor} + ${unaccompanied_minor} > 0,,,,,,
100,100,integer,uasc.prot.services,How many of the unaccompanied or separated children or orphans are receiving protection services?,"This could be follow-up, therapy, or other services provided by the government, UN, NGOs or other organizations. Skip if the respondent doesn't know.",,,,,,,,
101,101,calculate,uasc.need.services,,,,,,,,,,${separated_minor} + ${unaccompanied_minor} + ${orphan} - ${uasc_prot_services}
102,102,integer,family.reunion,How many of the unaccompanied or separated children are planned to be reunified with their parents in the next three months?,"This could be children going to join the parents, parents coming to the current location, or both parties going elsewhere to meet. Skip if the respondent doesn't know.",,"not(selected(${uasc_parent_location}, ""no_answer"")) and (${separated_minor} + ${unaccompanied_minor} > 0)",,,,,,
103,103,calculate,not.family.reunion,,,,,,,,,,${separated_minor} + ${unaccompanied_minor} - ${family_reunion}
104,104,select.one yn.dk.list,uasc.monitoring.visit,Have you ever had a monitoring visit to check on the unaccompanied children and/or orphans living in the household?,Remember that unaccompanied children are those separated from parents and not still living with relatives/friends,TRUE,${unaccompanied_minor} + ${orphan} > 0,,,,,,
105,105,date,uasc.monitoring.visit.date,When was the last monitoring visit to check on the unaccompanied children?,Skip if the respondent doesn't know.,,"selected(${uasc_monitoring_visit}, ""yes"")",,month-year,,,,
106,106,calculate,uasc.months.since.monitor,,,,"not(${uasc_monitoring_visit_date} = """")",,,,,,${today} - ${uasc_monitoring_visit_date}
107,107,end group,,,,,,,,,,,
108,108,begin group,c4,Safety and security,"These questions are asking about general safety and security, not just about sexual and gender based violence (SGBV)",,,,,,,,
109,109,select.one yn.dk.list,child.violence,"Have any of the children in your household experiences violence, abuse, or exploitation in your current location?",,TRUE,${calc_minors} > 0,,,,,,
110,110,select.one poor.good.list,security,How would you rate the safety and security of your household in your current location?,Read the response options to the respondent.,TRUE,,,,,,,
111,111,select.multiple insecurity.reasons.list,insecurity.reasons,Why do you feel the safety and security of your household is not good here?,"Do not read the response options. If the respondent says more than 3 sources, prompt them to choose the primary 3.",TRUE,"selected(${security}, ""okay"") or selected(${security}, ""poor"") or selected(${security}, ""very_poor"")",,,"not((selected(., ""no_answer"") or selected(., ""none"")) and count-selected(.) > 1) and not(count-selected(.) > 3)","You cannot choose ""No security concerns"" or ""I don't know or I don't want to answer"" with another answer. Cannot choose more than 3 responses",,
112,112,text,insecurity.reasons.other,Why do you feel the safety and security of your household is not good here?,"Other, please specify:",TRUE,"selected(${insecurity_reasons}, ""other"")",,,,,,
113,113,select.multiple security.provider.list,security.provider,Who does the household turn to for reporting and/or help when they experience security incidents?,"Do not read the response options. If the respondent says more than 3 sources, prompt them to choose the primary 3.",TRUE,,,,"not((selected(., ""no_answer"") or selected(., ""none"")) and count-selected(.) > 1) and not(count-selected(.) > 3)","You cannot choose ""Nobody"" or ""I don't know or I don't want to answer"" with another answer. Cannot choose more than 3 responses",,
114,114,text,security.provider.other,Who does the household turn to for reporting and/or help when they experience security incidents?,"Other, please specify:",TRUE,"selected(${security_provider}, ""other"")",,,,,,
115,115,select.one refugee.relations.list,refugee.relations,How would you rate the relations of your household with refugees?,"If asking to refugees, this refers to other refugee households in the area.",TRUE,,,,,,,
116,116,select.one host.relations.list,host.relations,How would you rate the relations of your household with the local (host) community?,"If asking to host community, this refers to other local households in the area.",TRUE,,,,,,,
117,117,end group,,,,,,,,,,,
118,118,end group,,,,,,,,,,,
119,119,begin group,D,WASH,,,"(selected(${head_of_household}, ""yes"") or selected(${hoh_equivalent}, ""yes""))",,,,,,
120,120,select.one water.source.list,main.water.source,"What water source (water for drinking, cooking and bathing) did your household use the most in the last 30 days?","Select only one but don’t read the choices to the respondent. Protected means that the water source is protected from outside contaminants, especially fecal matter (e.g. four walls, lid, not open to the air).",TRUE,,,,"not(selected(., ""none""))",A household must have at least one water source.,,
121,121,text,main.water.source.other,"What water source (water for drinking, cooking and bathing) did your household use the most in the last 30 days?","Other, please specify:",TRUE,"selected(${main_water_source}, ""other"")",,,,,,
122,122,select.multiple water.source.list,other.water.sources,What other water sources did your household use in the last 30 days? ,Select all that apply but don’t read the choices to the respondent. Do not select same source as the main water source.,TRUE,,,,"(not(selected(., ${main_water_source})) or selected(., ""other"") or selected(., ""dontknow"")) and not((selected(., ""none"") or selected(., ""dontknow"")) and count-selected(.) > 1)","Cannot select same source as the main water source. Cannot select ""None"" or ""I don't know or I don't want to answer"" and then choose another answer.",,
123,123,text,other.water.sources.other,What other water sources did your household use in the last 30 days? ,"Other, please specify:",TRUE,"selected(${other_water_sources}, ""other"")",,,,,,
124,124,select.one yn.dk.list,adequate.water,Did you have enough water in the last 30 days to meet your household needs?,,TRUE,,,,,,,
125,125,select.multiple water.coping.list,water.coping,How did you adjust for the lack of water? ,Select all that apply but do not read choices,TRUE,"selected(${adequate_water}, ""no"")",,,"not((selected(., ""none"") or selected(., ""no_answer"")) and count-selected(.) > 1)","Cannot select ""We didn't use any coping mechanisms"" or ""I don't know or I don't want to answer"" and then choose another answer.",,
126,126,text,water.coping.other,How did you adjust for the lack of water? ,"Other, please specify:",TRUE,"selected(${water_coping}, ""other"")",,,,,,
127,127,select.multiple piped.water.issues.list,piped.water.issues,"Since your main water source is piped, why did you not have enough water in the last 30 days to meet your household needs?",,TRUE,"selected(${main_water_source}, ""household_connection"") and selected(${adequate_water}, ""no"")",,,"not((selected(., ""none"") or selected(., ""no_answer"")) and count-selected(.) > 1)","Cannot select ""No issues"" or ""I don't know or I don't want to answer"" and then choose another answer.",,
128,128,text,piped.water.issues.other,"Since your main water source is piped, why did you not have enough water in the last 30 days to meet your household needs?","Other, please specify:",TRUE,"selected(${piped_water_issues}, ""other"")",,,,,,
129,129,begin group,d1,Water collection,,,"not(selected(${main_water_source}, ""piped_into_the_dwelling_plot""))",,,,,,
130,130,select.one water.collection.time.list,water.collection.time,"How long does it take to get to the main water point, fetch water, and return (at the main time to collect water)?","Select one, and only read choices if respondent has difficulties evaluating time. Select do not know if the respondent is unaware of time required to fetch water.",TRUE,,,,,,,
131,131,select.one water.collection.issue.list,water.collection.issue,"Does the activity of fetching water (distance and/or queuing time) constitute a problem for your household, and if yes, how?",,TRUE,,,,,,,
132,132,integer,collect.water,"On average, how many days per week does someone from your household go to collect water?",Skip the question if the respondent does not know,,,,,. < 8 and . >= 0,The number of days must be more than 0 and 7 or less.,,
133,133,end group,,,,,,,,,,,
134,134,begin group,d2,Container counting,,,"not(selected(${main_water_source}, ""piped_into_the_dwelling_plot""))",,,,,,
135,135,integer,containers,How many different containers were used the last day water was collected for the household?,"Ask the person to show you the containers so that you can assess the volume of the water containers. These should be for the uses of drinking, bathing, cooking, and laundry.",TRUE,,,,. > 0,The number must be more than 0,,
136,136,begin repeat,d3,Containers used the LAST DAY water was collected. Record one by one.,"This includes all water collected morning, afternoon, and evening ",TRUE,,,field-list,,,${containers},
137,137,calculate,loop.position,,,,,,,,,,position(..)
138,138,decimal,capacity,What is the volume of container ${loop_position} (in litres)?,Use the pictogram to identify the container and enter the amount of litres this container can hold. Ask the respondent if you can't identify the container from the pictogram.,TRUE,,,,. > 0 and . < 150,The number must be more than 0 litres and less than 150 litres,,
139,139,integer,journeys,How many times was container ${loop_position} filled on the day water was collected?,,TRUE,,,,. > 0 and . < 30,The number has to be more than 0 times and less than 30 times.,,
140,140,calculate,litres,,,,,,,,,,${journeys} * ${capacity}
141,141,end repeat,,,,,,,,,,,
142,142,calculate,water.total,,,,,,,,,,sum(${litres})
143,143,calculate,loop.position.count,,,,,,,,,,count(${loop_position})
144,144,note,loop.position.test.note,"Not all of the containers presented have had their volume and filling times calculated, please double check the loop.",,,${containers} != ${loop_position_count} ,,,,,,
145,145,integer,water.days.last,How many days will this collected water last in total before you go and recollect water?,,TRUE,,,,.>0,Must be more than 0 days.,,
146,146,calculate,water.pppd,,,,,,,,,,${water_total} div (${calc_household} * ${water_days_last})
147,147,end group,,,,,,,,,,,
148,148,begin group,d4,Water collection check,,,"not(selected(${main_water_source}, ""piped_into_the_dwelling_plot""))",,field-list,,,,
149,149,note,water.average.check.note,"The total volume of water collected for household purposes is ${water_total}L. Over the ${water_days_last} days this water will last, the average number of litres per person per day of water is ${water_pppd}L.",Please inform the respondent of these numbers and modify the previous answers if they do not seem accurate. ,,,,,,,,
150,150,select.one yn.dk.list,water.collection.typical,Does the information you provided above relate to an average day/typical day of water collection for you household?,,TRUE,,,,,,,
151,151,end group,,,,,,,,,,,
152,152,begin group,d5,Sanitation,,,,,,,,,
153,153,select.one hh.latrine.list,hh.latrine,Does your household have a household latrine specifically for members of this household only?,,TRUE,,,,,,,
154,154,select.one latrine.access.list,latrine.access,Do your household members have access to and use a functioning latrine? ,,TRUE,,,,,,,
155,155,integer,latrine.share,How many households share usage of this latrine?,"The respondent can estimate, but if they don't know, skip the specific question",,"(selected(${latrine_access}, ""some_members"") or selected(${latrine_access}, ""all_members"") or selected(${latrine_access}, ""all_access_some_use"")) and selected(${hh_latrine}, ""no"")",,,,,,
156,156,select.one yn.dk.list,latrine.share.segregated,Does this shared latrine have separate stalls for men and women to use?,,TRUE,${latrine_share} > 0,,,,,,
157,157,select.multiple latrine.access.problem.list,latrine.access.problem,Why do household members have problems accessing and using functional latrines? ,"Select all that apply, but do not read options to the respondent.",TRUE,"selected(${latrine_access}, ""some_members"") or selected(${latrine_access}, ""all_access_some_use"") or selected(${latrine_access}, ""no_members"")",,,"not((selected(.,""none"") or selected(., ""no_answer"")) and count-selected(.) > 1)","You cannot choose ""I don't know or I don't want to answer"" with another answer.",,
158,158,text,latrine.access.problem.other,Why do household members have problems accessing and using functional latrines? ,"Other, please specify:",TRUE,"selected(${latrine_access_problem}, ""other"")",,,,,,
159,159,select.multiple no.latrine.access.who.list,no.latrine.access.who,Who does not access or use the latrines in your household?,,TRUE,"selected(${latrine_access}, ""some_members"") or selected(${latrine_access}, ""all_access_some_use"")",,,,,,
160,160,end group,,,,,,,,,,,
161,161,begin group,d6,Hygiene,,,,,,,,,
162,162,select.one soap.list,soap,Do you have soap in your household for handwashing? ,"Ask to see soap and confirm with observation (can be liquid soap, bar soap, etc.)",TRUE,,,,,,,
163,163,select.one no.soap.why.list,no.soap.why,Why don’t you have soap for handwashing?,,TRUE,"selected(${soap}, ""no"")",,,,,,
164,164,text,no.soap.why.other,Why don’t you have soap for handwashing?,"Other, please specify:",TRUE,"selected(${no_soap_why}, ""other"")",,,,,,
165,165,select.multiple handwash.occasions.list,handwash.occasions,When do you wash your hands?,"Specify the focus on activities (e.g. before eating), not times of the day (e.g. in the morning). Select all that apply but don’t read the choices to the respondent.",TRUE,,,,"not((selected(.,""none"") or selected(., ""no_answer"")) and count-selected(.) > 1)","You cannot choose ""I don't know or I don't want to answer"" with another answer.",,
166,166,text,handwash.occasions.other,"If other, please describe",,TRUE,"selected(${handwash_occasions}, ""other"")",,,,,,
167,167,end group,,,,,,,,,,,
168,168,begin group,d7,Hygiene Promotion,,,,,,,,,
169,169,select.one yn.dk.list,hygiene.promotion,Did you or a member of your household receive hygiene promotion messaging or training in the last 30 days?,This could come from a specific hygiene promoter or a village health team,TRUE,,,,,,,
170,170,select.one hygiene.promotion.last.list,hygiene.promotion.last,When was the last time you or a member of your household received hygiene promotion messaging or training?,This could come from a specific hygiene promoter or a village health team,TRUE,"not(selected(${hygiene_promotion}, ""yes""))",,,,,,
171,171,end group,,,,,,,,,,,
172,172,end group,,,,,,,,,,,
173,173,begin group,E,Livelihoods and environment,,,"(selected(${head_of_household}, ""yes"") or selected(${hoh_equivalent}, ""yes""))",,,,,,
174,174,select.multiple primary.livelihoods.list,primary.livelihoods,What were your household's primary income sources over the last 30 days?,"Do not read the response options. If the respondent says more than 3 sources, prompt them to choose the primary 3.",TRUE,,,,"count-selected(.) <= 3 and not((selected(.,""none"") or selected(., ""no_answer"")) and count-selected(.) > 1)",,,
175,175,text,primary.livelihoods.other,What were your household's primary income sources over the last 30 days?,"Other, please specify:",TRUE,"selected(${primary_livelihoods}, ""other"")",,,,,,
176,176,select.one yn.dk.list,hh.member.earning,Have any members of your household earned an income over the last 30 days?,,TRUE,"not(selected(${primary_livelihoods}, ""none""))",,,,,,
177,177,integer,hh.member.earning.number,How many household members earned an income over the last 30 days?,,TRUE,"selected(${hh_member_earning}, ""yes"")",,,. <= ${household_size},Number must be less than the household size.,,
178,178,select.one yn.dk.list,hh.member.response.staff,Do any of these income earning members of the household work in a job directly related to the refugee response?,"e.g. staff for OPM, UNHCR, NGOs, etc.",TRUE,"selected(${hh_member_earning}, ""yes"")",,,,,,
179,179,select.multiple livelihoods.coping.strategies.list,livelihoods.coping.strategies,"In the past 30 days, what coping strategies have members of the househould performed to support itself?",Do not read the response options.,TRUE,,,,"not((selected(.,""none"") or selected(., ""no_answer"")) and count-selected(.) > 1)","You cannot choose ""Did not engage in any other activity to support the household"" or ""I don't know or I don't want to answer"" with another answer.",,
180,180,text,livelihoods.coping.strategies.other,"In the past 30 days, what coping strategies have members of the househould performed to support itself?","Other, please specify:",TRUE,"selected(${livelihoods_coping_strategies}, ""other"")",,,,,,
181,181,select.one yn.dk.list,savings.associations,Do any members of your household participate in community-based savings/loan/insurance schemes?,"e.g. village savings and loan associations (VSLAs), savings and credit cooperative societies (SACCOs), etc.",TRUE,,,,,,,
182,182,select.one yn.dk.list,vocational.training,Have any members of your household participated in vocational trainings?,"i.e. long-term, accredited training at a specific institution",TRUE,,,,,,,
183,183,begin group,e1,Cultivation,,,,,,,,,
184,184,select.one yn.dk.list,ag.inputs,Did your household have access to seeds and planting materials in the most recent harvest/agricultural season?,"e.g. seeds, fertilizers, shovels, spades, etc.",TRUE,,,,,,,
185,185,select.one yn.dk.list,agricultural.land,Did your household have access to agricultural land for cultivation in the most recent harvest/agricultural season?,,TRUE,,,,,,,
186,186,select.one agricultural.land.how.list,agricultural.land.how,How did your household access agricultural land for cultivation in the most recent harvest/agricultural season?,,TRUE,"selected(${agricultural_land}, ""yes"")",,,,,,
187,187,text,agricultural.land.how.other,How did your household access agricultural land for cultivation in the most recent harvest/agricultural season?,"Other, please specify:",TRUE,"selected(${agricultural_land_how}, ""other"")",,,,,,
188,188,select.one yn.dk.list,agricultural.land.sufficiency,Was the agricultural land your household accessed in most recent harvest/agricultural season sufficient to provide food for your entire household?,Sufficient means that the size and quality of the land could produce enough food for the household.,TRUE,"selected(${agricultural_land}, ""yes"")",,,,,,
189,189,select.one yn.dk.list,cultivation,Did your household cultivate or plant crops in the most recent harvest/agricultural season?,,TRUE,"selected(${agricultural_land}, ""yes"")",,,,,,
190,190,select.multiple no.cultivation.why.list,no.cultivation.why,What were your household's reasons for not cultivating? ,,TRUE,"selected(${cultivation},'no')",,,"not((selected(.,""none"") or selected(., ""no_answer"")) and count-selected(.) > 1)","You cannot choose  ""I don't know or I don't want to answer"" with another answer.",,
191,191,select.one yn.dk.list,ag.kit,Has your household ever received an NGO distribution of tools or other inputs for agricultural purposes?,"e.g. seeds, shovels, spades, storage silos, etc.",TRUE,,,,,,,
192,192,select.one yn.dk.list,ag.kit.usability,Are the distributed tools/items you received still usable by the household?,"Even if the household didn't cultivate in the previous season, ask if the items are useable if they did cultivate",TRUE,"selected(${ag_kit}, ""yes"")",,,,,,
193,193,select.one ag.kit.disuse.why.list,ag.kit.disuse.why,Why is your household no longer able to use the distributed tools/items?,,TRUE,"selected(${ag_kit_usability}, ""no"")",,,,,,
194,194,select.one yn.dk.list,ag.training,Have any members of your household ever received training in agricultural/farming techniques?,"e.g. post-harvest management, storage techniques, collective marketing, agroforestry, soil/water conservation, etc.",TRUE,,,,,,,
195,195,end group,,,,,,,,,,,
196,196,begin group,e2,Livestock,,,,,,,,,
197,197,select.one yn.dk.list,livestock,Does your household own livestock?,"e.g. cattle, sheep, goats",TRUE,,,,,,,
198,198,select.one yn.dk.list,poultry,Does your household own chickens?,,TRUE,,,,,,,
199,199,end group,,,,,,,,,,,
200,200,end group,,,,,,,,,,,
201,201,begin group,F,Food assistance,,,"(selected(${head_of_household}, ""yes"") or selected(${hoh_equivalent}, ""yes""))",,,,,,
202,202,select.one yn.dk.list,food.distributions,Does your household have a ration card so they can receive in-kind food or cash for the purposes of buying food?,,TRUE,,,,,,,
203,203,date,food.distributions.date,When did your household last receive in-kind food or cash for the purposes of buying food?,,TRUE,"selected(${food_distributions}, ""yes"")",,month-year,,,,
204,204,select.one main.food.source.list,main.food.source,What was the main source of the food in the past 7 days? (do not read out list),,TRUE,,,,,,,
205,205,text,main.source.food.other,What was the main source of the food in the past 7 days? (do not read out list),"Other, please specify:",TRUE,"selected(${main_food_source}, 'other')",,,,,,
206,206,select.one yn.dk.list,sufficient.food,Did your household have access to sufficient food for all members in the past 7 days?,,TRUE,,,,,,,
207,207,select.multiple food.coping.list,food.coping,"In the past 7 days, what food consumption coping strategies have been used to cope with this lack of sufficient food?",,TRUE,,,,"not((selected(.,""none"") or selected(., ""no_answer"")) and count-selected(.) > 1)",,,
208,208,text,food.coping.other,"If other, please describe",,TRUE,"selected(${food_coping}, ""other"")",,,,,,
209,209,select.one yn.dk.list,market.by.walk,Is there a market within walking distance from your household?,,TRUE,,,,,,,
210,210,select.one yn.dk.list,market.access,"In the last 30 days, did your household face any problems accessing markets to buy/sell agricultural products or livestock?",,TRUE,,,,,,,
211,211,begin group,f1,"Over the last 7 days, on how many days did you consume the following foods? ","The respondent can estimate, but if they don't know, skip the specific question",,,,field-list,,,,
212,212,integer,cereals,"Cereals and grain: Rice, bread / cake and / or donuts, sorghum, millet, maize, chapatti.",,TRUE,,,,.>=0 and .<=7,Cannot be more than 7 days,,
213,213,integer,tubers,"Roots and tubers:  potato, yam, cassava, sweet potato, and / or other tubers ",,TRUE,,,,.>=0 and .<=7,Cannot be more than 7 days,,
214,214,calculate,cereals.tubers,,,,,,,,,,"max(${cereals} + ${tubers}, 7)"
215,215,integer,pulses,"Pulses: beans, cowpeas, lentils, soy, pigeon pea",,TRUE,,,,.>=0 and .<=7,Cannot be more than 7 days,,
216,216,integer,nuts,"Nuts: ground nuts, peanuts, sim sim, coconuts or other nuts",,TRUE,,,,.>=0 and .<=7,Cannot be more than 7 days,,
217,217,calculate,pulses.nuts,,,,,,,,,,"max(${pulses} + ${nuts}, 7)"
218,218,integer,orange.vegetables,"Orange vegetables (vegetables rich in Vitamin A): carrot, red pepper, pumpkin, orange sweet potatoes,",,TRUE,,,,.>=0 and .<=7,Cannot be more than 7 days,,
219,219,integer,green.vegetables,"Green leafy vegetables:, spinach, broccoli, amaranth and / or other dark green leaves, cassava leaves, bean leaves, pea leaves.",,TRUE,,,,.>=0 and .<=7,Cannot be more than 7 days,,
220,220,integer,other.vegetables,"Other vegetables: onion, tomatoes, cucumber, radishes, green beans, peas, lettuce, cabbage, etc.",,TRUE,,,,.>=0 and .<=7,Cannot be more than 7 days,,
221,221,calculate,vegetables,,,,,,,,,,"max(${orange_vegetables} + ${green_vegetables} + ${other_vegetables}, 7)"
222,222,integer,orange.fruits,"Orange fruits (Fruits rich in Vitamin A): mango, papaya, apricot, peach",,TRUE,,,,.>=0 and .<=7,Cannot be more than 7 days,,
223,223,integer,other.fruits,"Other Fruits: banana, apple, lemon, tangerine",,TRUE,,,,.>=0 and .<=7,Cannot be more than 7 days,,
224,224,calculate,fruit,,,,,,,,,,"max(${orange_fruits} + ${other_fruits}, 7)"
225,225,integer,meat,"Meat: goat, beef, chicken, pork ",Report only meat consumed in large quantities and not as a condiment. Does not include offal.,TRUE,,,,.>=0 and .<=7,Cannot be more than 7 days,,
226,226,integer,offal,"Liver, kidney, heart and / or other organ meats and blood",,TRUE,,,,.>=0 and .<=7,Cannot be more than 7 days,,
227,227,calculate,all.meats,,,,,,,,,,"max(${meat} + ${offal}, 7)"
228,228,integer,fish,"Fish / Shellfish: fish, including canned tuna, and/or other seafood",Report only fish consumed in large quantities and not as a condiment.,TRUE,,,,.>=0 and .<=7,Cannot be more than 7 days,,
229,229,integer,eggs,Eggs,,TRUE,,,,.>=0 and .<=7,Cannot be more than 7 days,,
230,230,calculate,protein,,,,,,,,,,"max(${all_meats} + ${fish} + ${eggs}, 7)"
231,231,integer,dairy,"Milk and other dairy products: fresh milk / sour, yogurt, cheese, other dairy products ","Does NOT include margarine, butter, and small amounts of milk for tea/coffee.",TRUE,,,,.>=0 and .<=7,Cannot be more than 7 days,,
232,232,integer,oils,"Oil / fat / butter: vegetable oil, palm oil, shea butter, margarine, other fats / oil",,TRUE,,,,.>=0 and .<=7,Cannot be more than 7 days,,
233,233,integer,sugars,"Sugar, or sweet: sugar, honey, jam, cakes, candy, cookies, pastries, cakes and other sweet (sugary drinks)",,TRUE,,,,.>=0 and .<=7,Cannot be more than 7 days,,
234,234,integer,condiments,"Condiments / Spices: tea, coffee / cocoa, salt, garlic, spices, yeast / baking powder, lanwin, tomato / sauce, meat or fish as a condiment, condiments including small amount of milk / tea coffee.",,TRUE,,,,.>=0 and .<=7,Cannot be more than 7 days,,
235,235,end group,,,,,,,,,,,
236,236,end group,,,,,,,,,,,
237,237,begin group,G,Health and nutrition,,,"(selected(${head_of_household}, ""yes"") or selected(${hoh_equivalent}, ""yes""))",,,,,,
238,238,select.one primary.hc.provider.list,primary.hc.provider,Your household most often goes to what type of health facility for treatment or check-up?,This should be the health facility the members of the household use most often.,TRUE,,,,,,,
239,239,text,primary.hc.provider.other,Your household most often goes to what type of health facility for treatment or check-up?,"Other, please specify:",TRUE,"selected(${primary_hc_provider}, ""other"")",,,,,,
240,240,select.one yn.dk.list,health.needs,Has anyone in the house needed healthcare treatment in the past year?,,TRUE,,,,,,,
241,241,date,health.needs.when,When was the most recent time a member of the household needed healthcare treatment?,,TRUE,"selected(${health_needs}, ""yes"")",,month-year,,,,
242,242,select.one yn.dk.list,treatment.sought,"For this most recent incident, did this person seek medical care for this healthcare issue?",,TRUE,"selected(${health_needs}, ""yes"")",,,,,,
243,243,select.one yn.dk.list,treatment.access,"For this most recent incident, did this person have any trouble accessing the health care they needed?",,TRUE,"selected(${treatment_sought}, ""yes"")",,,,,,
244,244,select.multiple health.access.difficulty.list,treatment.access.difficulty,What are the main challenges this person had when accessing the healthcare they needed?,"Do not read the response options. If the respondent says more than 3 sources, prompt them to choose the primary 3.",TRUE,"selected(${treatment_access}, ""yes"")",,,"not(selected(., ""no_answer"") and count-selected(.) > 1) and not(count-selected(.) > 3)","You cannot choose  ""I don't know or I don't want to answer"" with another answer. Cannot choose more than 3 responses",,
245,245,text,treatment.access.difficulty.other,What are the main challenges this person had when accessing the healthcare they needed?,"Other, please specify:",TRUE,"selected(${treatment_access_difficulty}, ""other"")",,,,,,
246,246,select.one yn.dk.list,health.issues,"In the most recent 2 weeks, have any of the household members experienced any significant health issues?","These include everything in the following list or more: extreme stress, physical injry, diarrhoea, malnutrition, respiratory tract infection, skin disease, swollen feet, measles, high blood pressure, asthma, TB, malaria, complications in child birth, etc.",TRUE,,,,,,,
247,247,begin group,g1,How many individuals have suffered from these issues in the most recent 2 weeks?,"The respondent can estimate, but if they don't know, skip the specific question. DO NOT SKIP IF THE RESPONDENT SAYS 0, WRITE 0.",,"selected(${health_issues}, ""yes"")",,field-list,,,,
248,248,integer,stress,Extreme stress,,TRUE,,,,. >= 0 and . <= ${calc_household},,,
249,249,integer,minor.injury,Minor physical injuries,,TRUE,,,,. >= 0 and . <= ${calc_household},,,
250,250,integer,serious.injury,Serious physical injuries,,TRUE,,,,. >= 0 and . <= ${calc_household},,,
251,251,integer,diarrhoea,Diarrhoea,,TRUE,,,,. >= 0 and . <= ${calc_household},,,
252,252,integer,rapid.weight.loss,Extreme weight loss,"This is weight loss that is rapid and unhealthy, typically due to poor diet and inability to access food with sufficient nutrients. Most commonly seen in children but also possible for peoples of all ages.",TRUE,,,,. >= 0 and . <= ${calc_household},,,
253,253,integer,respiratory.infection,Respiratory tract infection,,TRUE,,,,. >= 0 and . <= ${calc_household},,,
254,254,integer,skin,Skin disease,,TRUE,,,,. >= 0 and . <= ${calc_household},,,
255,255,integer,feet,Swollen feet,,TRUE,,,,. >= 0 and . <= ${calc_household},,,
256,256,integer,measles,Measles,,TRUE,,,,. >= 0 and . <= ${calc_household},,,
257,257,integer,hypertension,High blood pressure,,TRUE,,,,. >= 0 and . <= ${calc_household},,,
258,258,integer,asthma,Asthma,,TRUE,,,,. >= 0 and . <= ${calc_household},,,
259,259,integer,tb,TB,,TRUE,,,,. >= 0 and . <= ${calc_household},,,
260,260,integer,malaria,Malaria,,TRUE,,,,. >= 0 and . <= ${calc_household},,,
261,261,integer,child.birth,Complications in child birth,,TRUE,,,,. >= 0 and . <= ${calc_household},,,
262,262,integer,health.other,Other,,TRUE,,,,. >= 0 and . <= ${calc_household},,,
263,263,text,health.issues.other,"Other, please specify the event:",,TRUE,${health_other} > 0,,,,,,
264,264,end group,,,,,,,,,,,
265,265,select.one yn.dk.list,young.child.diarrhoea,In the past 7 days has any child 5 or under in your household suffered from diarrhoea?,,TRUE,${calc_5_and_under} > 0,,,,,,
266,266,select.one yn.dk.list,child.diarrhoea,In the past 7 days has any child aged 6-18 in your household suffered from diarrhoea?,,TRUE,${males_6_12} + ${males_13_18} + ${females_6_12} + ${females_13_18} > 0,,,,,,
267,267,select.one yn.dk.list,adult.diarrehoa,In the past 7 days has any adult (19 years or over) in your household suffered from diarrhoea?,,TRUE,${males_18_59} + ${females_18_59} + ${males_60_over} + ${females_60_over} > 0,,,,,,
268,268,select.one vaccine.list,polio.vaccine,Have any of the individuals 5 years old or under been vaccinated against polio?(ask to see the card/cards if yes),"The polio vaccine is a series of 4 vaccinations. If the child has started these vaccinations, then we should count it as yes.",TRUE,${calc_5_and_under} > 0,,,,,,
269,269,integer,polio.vaccine.number,How many of the individuals 5 years old or under have been vaccinated against polio?,"The respondent can estimate, but if they don't know, skip the specific question. The polio vaccine is a series of 4 vaccinations. If the child has started these vaccinations, then we should count it as yes.",,"selected(${polio_vaccine}, ""yes_saw_card"") or selected(${polio_vaccine}, ""yes_without_card"")",,,. >= 0 and . <= ${calc_5_and_under},Number must not exceed total number of children at or under 5 in HH,,
270,270,select.one vaccine.list,measles.vaccine,Have any of the individuals 15 years old or under been vaccinated against measles? (ask to see the card/cards if yes),,TRUE,${calc_minors} > 0,,,,,,
271,271,integer,measles.vaccine.number,How many of the individuals 15 years old or under have been vaccinated against measles?,"The respondent can estimate, but if they don't know, skip the specific question.",,"selected(${measles_vaccine}, ""yes_saw_card"") or selected(${measles_vaccine}, ""yes_without_card"")",,,. >= 0 and . <= ${calc_5_and_under},Number must not exceed total number of children at or under 5 in HH,,
272,272,select.one yn.dk.list,vitamin.supplement,Have any of the individuals 5 years old or under received vitamin A supplementation in the past 6 months?,,TRUE,${calc_5_and_under} > 0,,,,,,
273,273,integer,vitamin.supplement.number,How many of the individuals 5 years old or under received vitamin A supplementation in the past 6 months?,"The respondent can estimate, but if they don't know, skip the specific question.",,"selected(${vitamin_supplement}, ""yes"")",,,. >= 0 and . <= ${calc_5_and_under},Number must not exceed total number of children at or under 5 in HH,,
274,274,select.one yn.dk.list,treated.nets,Does your household have an insecticide treated mosquito net?,Treatment should've been sprayed within one year,TRUE,,,,,,,
275,275,integer,sleeping.under.nets,How many family members slept under the net last night?,"The respondent can estimate, but if they don't know, skip the specific question.",,"selected(${treated_nets}, ""yes"")",,,,,,
276,276,calculate,not.sleeping.under.nets,,,,"not(${sleeping_under_nets} = """")",,,,,,${calc_household} - ${sleeping_under_nets}
277,277,begin group,g2,Pregnant and/or lactating women,,,${pregnant_lactating},,,,,,
278,278,select.one yn.dk.list,iycf.counselling,Have any of the pregnant/lactating women in the household received counselling on infant and young child feeding?,,TRUE,,,,,,,
279,279,integer,iycf.counselling.number,How many of the pregnant/lactating women in the household received counselling on infant and young child feeding?,"The respondent can estimate, but if they don't know, skip the specific question",,"selected(${iycf_counselling}, ""yes"")",,,. >= 0 and . <= ${pregnant_lactating},Number must not exceed the number of pregnant and lactating women in the HH,,
280,280,select.one yn.dk.list,nutr.supplement,Have any of the pregnant/lactating women in the household have received iron and folic acid supplements or micronutrient supplements?,,TRUE,,,,,,,
281,281,integer,nutr.supplement.number,How many of the pregnant/lactating women in the household have received iron and folic acid supplements or micronutrient supplements?,"The respondent can estimate, but if they don't know, skip the specific question",,"selected(${nutr_supplement}, ""yes"")",,,. >= 0 and . <= ${pregnant_lactating},Number must not exceed the number of pregnant and lactating women in the HH,,
282,282,select.one yn.dk.list,fanidar.dose,Have any of the pregnant/lactating women in the household have received at least 2 doses of fanidar?,,TRUE,,,,,,,
283,283,integer,fanidar.dose.number,How many of the pregnant/lactating women in the household have received at least 2 doses of fanidar?,"The respondent can estimate, but if they don't know, skip the specific question",,"selected(${fanidar_dose}, ""yes"")",,,. >= 0 and . <= ${pregnant_lactating},Number must not exceed the number of pregnant and lactating women in the HH,,
284,284,end group,,,,,,,,,,,
285,285,end group,,,,,,,,,,,
286,286,begin group,H,"Site, shelter, and NFIs",,,"(selected(${head_of_household}, ""yes"") or selected(${hoh_equivalent}, ""yes""))",,,,,,
287,287,begin group,h1,"Do you have access to or own the following items? If yes, for how many?","If the respondent does not know, skip the question.",,,,table-list,,,,
288,288,integer,access.to.buckets,Number of buckets with lid,,,,,,. >= 0 and . <= 20,,,
289,289,integer,access.to.jerry.can,Number of jerry cans,,,,,,. >= 0 and . <= 20,,,
290,290,integer,access.to.pots,Number of pot(s) of 5L and more,,,,,,. >= 0 and . <= 20,,,
291,291,integer,access.to.sleeping.mats,Number of sleeping mats,"Papyrus mat or otherwise thin mat for laying, not a full mattress",,,,,. >= 0 and . <= 20,,,
292,292,integer,access.to.mattress,Number of sleeping mattresses,"Usually made from spring or thick foam, much thicker than a regular mat",,,,,. >= 0 and . <= 20,,,
293,293,integer,access.to.tarpaulin,Plastic tarpaulin,,,,,,. >= 0 and . <= 20,,,
294,294,integer,access.to.torches,Number of lights / torches,,,,,,. >= 0 and . <= 20,,,
295,295,end group,,,,,,,,,,,
296,296,begin group,h2,NFI access and needs,,,,,,,,,
297,297,select.one yn.dk.list,kitchen.set,Do you have a kitchen set?,"Household set of plates, cups, cutlery, serving utensils, pots, and cleaning equipment",TRUE,,,,,,,
298,298,select.one yn.dk.list,sanitary.pads,Do the females in your household currently have access to sanitary pads?,,TRUE,,,,,,,
299,299,select.one yn.dk.list,improved.cook.stove,"Does the household have an improved cooking stove, such as an energy saving stove?",Improved stoves typically contain a specially designed device on the bottom that takes less firewood and produces less fumes than a typical stove. Confirm answer with observation if possible,TRUE,,,,,,,
300,300,select.multiple nfi.needs.list,nfi.needs,What are the main NFI needs of the household?,"Do not read the response options. If the respondent says more than 3 sources, prompt them to choose the primary 3.",TRUE,,,,"not((selected(., ""no_answer"") or selected(., ""none"")) and count-selected(.) > 1) and not(count-selected(.) > 3)","You cannot choose ""None"" or ""I don't know or I don't want to answer"" with another answer. Cannot choose more than 3 responses",,
301,301,text,nfi.needs.other,What are the main NFI needs of the household?,"Other, please specify:",TRUE,"selected(${nfi_needs}, ""other"")",,,,,,
302,302,end group,,,,,,,,,,,
303,303,begin group,h3,Shelter,,,,,,,,,
304,304,select.one shelter.type.list,shelter.type,What is the type of shelter for the household?,"Do not ask this question, use observation.",TRUE,,,,,,,
305,305,text,shelter.type.other,"If other, please describe",,TRUE,"selected(${shelter_type}, ""other"")",,,,,,
306,306,select.one yn.dk.list,shelter.ownership,Is this shelter owned by the household?,,TRUE,,,,,,,
307,307,integer,family.number.plot,"How many families, including yours, share your current (one) plot?",,TRUE,,,,. >= 1 and . <= 99,,,
308,308,integer,family.number.shelter,"How many families, including yours, share your shelter?",,TRUE,,,,. >= 1 and . <= 99,,,
309,309,select.one yn.dk.list,shelter.flooding,Has this shelter experienced flooding in the past year?,,TRUE,,,,,,,
310,310,select.one yn.dk.list,shelter.leaking,Is your shelter prone to leaking when it rains?,,TRUE,,,,,,,
311,311,end group,,,,,,,,,,,
312,312,select.one main.fuel.source.list,main.fuel.source,What is your households primary fuel source?,,TRUE,,,,,,,
313,313,end group,,,,,,,,,,,
314,314,begin group,I,Education,,,"(${calc_boys_ed} + ${calc_girls_ed} > 0) and (selected(${head_of_household}, ""yes"") or selected(${hoh_equivalent}, ""yes""))",,,,,,
315,315,note,education.note,"We are about schooling for every child in the household. We will ask about males and females aged 3 to 5, 6 to 12, and 13 to 18. Please answer to the best of your knowledge.",,,,,,"not((selected(., ""no_answer"") or selected(., ""none"")) and count-selected(.) > 1)","You cannot choose ""None"" or ""I don't know or I don't want to answer"" with another answer.",,
316,316,begin repeat,i1,"Males, 3 to 5",,TRUE,${males_3_5} > 0,,field-list,,,${males_3_5},
317,317,calculate,edu.males.3.5.loop.position,,,,,,,,,,position(..)
318,318,select.multiple education.type.list,edu.males.3.5,"Of the ${males_3_5} males aged 3 to 5 in the household, what type of education is the # ${edu_males_3_5_loop_position} male aged 3 to 5 in the household receiving?( in school season)",,TRUE,,,,,,,
319,319,calculate,edu.males.3.5.ecd,,,,,,,,,,"if(selected(${edu_males_3_5}, ""ecd""), ""1"", ""0"")"
320,320,calculate,edu.males.3.5.primary,,,,,,,,,,"if(selected(${edu_males_3_5}, ""primary""), ""1"", ""0"")"
321,321,calculate,edu.males.3.5.secondary,,,,,,,,,,"if(selected(${edu_males_3_5}, ""secondary""), ""1"", ""0"")"
322,322,calculate,edu.males.3.5.tvet,,,,,,,,,,"if(selected(${edu_males_3_5}, ""tvet""), ""1"", ""0"")"
323,323,calculate,edu.males.3.5.alp,,,,,,,,,,"if(selected(${edu_males_3_5}, ""alp""), ""1"", ""0"")"
324,324,calculate,edu.males.3.5.non.formal,,,,,,,,,,"if(selected(${edu_males_3_5}, ""non_formal""), ""1"", ""0"")"
325,325,calculate,edu.males.3.5.other,,,,,,,,,,"if(selected(${edu_males_3_5}, ""other""), ""1"", ""0"")"
326,326,calculate,edu.males.3.5.unattending,,,,,,,,,,"if(selected(${edu_males_3_5}, ""none""), ""1"", ""0"")"
327,327,end repeat,,,,,,,,,,,
328,328,calculate,calc.edu.males.3.5.ecd,,,,,,,,,,sum(${edu_males_3_5_ecd})
329,329,calculate,calc.edu.males.3.5.primary,,,,,,,,,,sum(${edu_males_3_5_primary})
330,330,calculate,calc.edu.males.3.5.secondary,,,,,,,,,,sum(${edu_males_3_5_secondary})
331,331,calculate,calc.edu.males.3.5.tvet,,,,,,,,,,sum(${edu_males_3_5_tvet})
332,332,calculate,calc.edu.males.3.5.alp,,,,,,,,,,sum(${edu_males_3_5_alp})
333,333,calculate,calc.edu.males.3.5.non.formal,,,,,,,,,,sum(${edu_males_3_5_non_formal})
334,334,calculate,calc.edu.males.3.5.other,,,,,,,,,,sum(${edu_males_3_5_other})
335,335,calculate,calc.edu.males.3.5.unattending.total,,,,,,,,,,sum(${edu_males_3_5_unattending})
336,336,begin repeat,i2,"Females, 3 to 5",,TRUE,${females_3_5} > 0,,field-list,,,${females_3_5},
337,337,calculate,edu.females.3.5.loop.position,,,,,,,,,,position(..)
338,338,select.multiple education.type.list,edu.females.3.5,"Of the ${females_3_5} females aged 3 to 5 in the household, what type of education is the # ${edu_females_3_5_loop_position} female aged 3 to 5 in the household receiving?( in school season)",,TRUE,,,,,,,
339,339,calculate,edu.females.3.5.ecd,,,,,,,,,,"if(selected(${edu_females_3_5}, ""ecd""), ""1"", ""0"")"
340,340,calculate,edu.females.3.5.primary,,,,,,,,,,"if(selected(${edu_females_3_5}, ""primary""), ""1"", ""0"")"
341,341,calculate,edu.females.3.5.secondary,,,,,,,,,,"if(selected(${edu_females_3_5}, ""secondary""), ""1"", ""0"")"
342,342,calculate,edu.females.3.5.tvet,,,,,,,,,,"if(selected(${edu_females_3_5}, ""tvet""), ""1"", ""0"")"
343,343,calculate,edu.females.3.5.alp,,,,,,,,,,"if(selected(${edu_females_3_5}, ""alp""), ""1"", ""0"")"
344,344,calculate,edu.females.3.5.non.formal,,,,,,,,,,"if(selected(${edu_females_3_5}, ""non_formal""), ""1"", ""0"")"
345,345,calculate,edu.females.3.5.other,,,,,,,,,,"if(selected(${edu_females_3_5}, ""other""), ""1"", ""0"")"
346,346,calculate,edu.females.3.5.unattending,,,,,,,,,,"if(selected(${edu_females_3_5}, ""none""), ""1"", ""0"")"
347,347,end repeat,,,,,,,,,,,
348,348,calculate,calc.edu.females.3.5.ecd,,,,,,,,,,sum(${edu_females_3_5_ecd})
349,349,calculate,calc.edu.females.3.5.primary,,,,,,,,,,sum(${edu_females_3_5_primary})
350,350,calculate,calc.edu.females.3.5.secondary,,,,,,,,,,sum(${edu_females_3_5_secondary})
351,351,calculate,calc.edu.females.3.5.tvet,,,,,,,,,,sum(${edu_females_3_5_tvet})
352,352,calculate,calc.edu.females.3.5.alp,,,,,,,,,,sum(${edu_females_3_5_alp})
353,353,calculate,calc.edu.females.3.5.non.formal,,,,,,,,,,sum(${edu_females_3_5_non_formal})
354,354,calculate,calc.edu.females.3.5.other,,,,,,,,,,sum(${edu_females_3_5_other})
355,355,calculate,calc.edu.females.3.5.unattending.total,,,,,,,,,,sum(${edu_females_3_5_unattending})
356,356,begin repeat,i3,"Males, 6 to 12",,TRUE,${males_6_12} > 0,,field-list,,,${males_6_12},
357,357,calculate,edu.males.6.12.loop.position,,,,,,,,,,position(..)
358,358,select.multiple education.type.list,edu.males.6.12,"Of the ${males_6_12} males aged 6 to 12 in the household, what type of education is the # ${edu_males_6_12_loop_position} male aged 6 to 12 in the household receiving?( in school season)",,TRUE,,,,,,,
359,359,calculate,edu.males.6.12.ecd,,,,,,,,,,"if(selected(${edu_males_6_12}, ""ecd""), ""1"", ""0"")"
360,360,calculate,edu.males.6.12.primary,,,,,,,,,,"if(selected(${edu_males_6_12}, ""primary""), ""1"", ""0"")"
361,361,calculate,edu.males.6.12.secondary,,,,,,,,,,"if(selected(${edu_males_6_12}, ""secondary""), ""1"", ""0"")"
362,362,calculate,edu.males.6.12.tvet,,,,,,,,,,"if(selected(${edu_males_6_12}, ""tvet""), ""1"", ""0"")"
363,363,calculate,edu.males.6.12.alp,,,,,,,,,,"if(selected(${edu_males_6_12}, ""alp""), ""1"", ""0"")"
364,364,calculate,edu.males.6.12.non.formal,,,,,,,,,,"if(selected(${edu_males_6_12}, ""non_formal""), ""1"", ""0"")"
365,365,calculate,edu.males.6.12.other,,,,,,,,,,"if(selected(${edu_males_6_12}, ""other""), ""1"", ""0"")"
366,366,calculate,edu.males.6.12.unattending,,,,,,,,,,"if(selected(${edu_males_6_12}, ""none""), ""1"", ""0"")"
367,367,end repeat,,,,,,,,,,,
368,368,calculate,calc.edu.males.6.12.ecd,,,,,,,,,,sum(${edu_males_6_12_ecd})
369,369,calculate,calc.edu.males.6.12.primary,,,,,,,,,,sum(${edu_males_6_12_primary})
370,370,calculate,calc.edu.males.6.12.secondary,,,,,,,,,,sum(${edu_males_6_12_secondary})
371,371,calculate,calc.edu.males.6.12.tvet,,,,,,,,,,sum(${edu_males_6_12_tvet})
372,372,calculate,calc.edu.males.6.12.alp,,,,,,,,,,sum(${edu_males_6_12_alp})
373,373,calculate,calc.edu.males.6.12.non.formal,,,,,,,,,,sum(${edu_males_6_12_non_formal})
374,374,calculate,calc.edu.males.6.12.other,,,,,,,,,,sum(${edu_males_6_12_other})
375,375,calculate,calc.edu.males.6.12.unattending.total,,,,,,,,,,sum(${edu_males_6_12_unattending})
376,376,begin repeat,i4,"Females, 6 to 12",,TRUE,${females_6_12} > 0,,field-list,,,${females_6_12},
377,377,calculate,edu.females.6.12.loop.position,,,,,,,,,,position(..)
378,378,select.multiple education.type.list,edu.females.6.12,"Of the ${females_6_12} females aged 6 to 12 in the household, what type of education is the # ${edu_females_6_12_loop_position} female aged 6 to 12 in the household receiving?( in school season)",,TRUE,,,,,,,
379,379,calculate,edu.females.6.12.ecd,,,,,,,,,,"if(selected(${edu_females_6_12}, ""ecd""), ""1"", ""0"")"
380,380,calculate,edu.females.6.12.primary,,,,,,,,,,"if(selected(${edu_females_6_12}, ""primary""), ""1"", ""0"")"
381,381,calculate,edu.females.6.12.secondary,,,,,,,,,,"if(selected(${edu_females_6_12}, ""secondary""), ""1"", ""0"")"
382,382,calculate,edu.females.6.12.tvet,,,,,,,,,,"if(selected(${edu_females_6_12}, ""tvet""), ""1"", ""0"")"
383,383,calculate,edu.females.6.12.alp,,,,,,,,,,"if(selected(${edu_females_6_12}, ""alp""), ""1"", ""0"")"
384,384,calculate,edu.females.6.12.non.formal,,,,,,,,,,"if(selected(${edu_females_6_12}, ""non_formal""), ""1"", ""0"")"
385,385,calculate,edu.females.6.12.other,,,,,,,,,,"if(selected(${edu_females_6_12}, ""other""), ""1"", ""0"")"
386,386,calculate,edu.females.6.12.unattending,,,,,,,,,,"if(selected(${edu_females_6_12}, ""none""), ""1"", ""0"")"
387,387,end repeat,,,,,,,,,,,
388,388,calculate,calc.edu.females.6.12.ecd,,,,,,,,,,sum(${edu_females_6_12_ecd})
389,389,calculate,calc.edu.females.6.12.primary,,,,,,,,,,sum(${edu_females_6_12_primary})
390,390,calculate,calc.edu.females.6.12.secondary,,,,,,,,,,sum(${edu_females_6_12_secondary})
391,391,calculate,calc.edu.females.6.12.tvet,,,,,,,,,,sum(${edu_females_6_12_tvet})
392,392,calculate,calc.edu.females.6.12.alp,,,,,,,,,,sum(${edu_females_6_12_alp})
393,393,calculate,calc.edu.females.6.12.non.formal,,,,,,,,,,sum(${edu_females_6_12_non_formal})
394,394,calculate,calc.edu.females.6.12.other,,,,,,,,,,sum(${edu_females_6_12_other})
395,395,calculate,calc.edu.females.6.12.unattending.total,,,,,,,,,,sum(${edu_females_6_12_unattending})
396,396,begin repeat,i5,"Males, 13 to 18",,TRUE,${males_13_18} > 0,,field-list,,,${males_13_18},
397,397,calculate,edu.males.13.18.loop.position,,,,,,,,,,position(..)
398,398,select.multiple education.type.list,edu.males.13.18,"Of the ${males_13_18} males aged 13 to 18 in the household, what type of education is the # ${edu_males_13_18_loop_position} male aged 13 to 18 in the household receiving?( in school season)",,TRUE,,,,,,,
399,399,calculate,edu.males.13.18.ecd,,,,,,,,,,"if(selected(${edu_males_13_18}, ""ecd""), ""1"", ""0"")"
400,400,calculate,edu.males.13.18.primary,,,,,,,,,,"if(selected(${edu_males_13_18}, ""primary""), ""1"", ""0"")"
401,401,calculate,edu.males.13.18.secondary,,,,,,,,,,"if(selected(${edu_males_13_18}, ""secondary""), ""1"", ""0"")"
402,402,calculate,edu.males.13.18.tvet,,,,,,,,,,"if(selected(${edu_males_13_18}, ""tvet""), ""1"", ""0"")"
403,403,calculate,edu.males.13.18.alp,,,,,,,,,,"if(selected(${edu_males_13_18}, ""alp""), ""1"", ""0"")"
404,404,calculate,edu.males.13.18.non.formal,,,,,,,,,,"if(selected(${edu_males_13_18}, ""non_formal""), ""1"", ""0"")"
405,405,calculate,edu.males.13.18.other,,,,,,,,,,"if(selected(${edu_males_13_18}, ""other""), ""1"", ""0"")"
406,406,calculate,edu.males.13.18.unattending,,,,,,,,,,"if(selected(${edu_males_13_18}, ""none""), ""1"", ""0"")"
407,407,end repeat,,,,,,,,,,,
408,408,calculate,calc.edu.males.13.18.ecd,,,,,,,,,,sum(${edu_males_13_18_ecd})
409,409,calculate,calc.edu.males.13.18.primary,,,,,,,,,,sum(${edu_males_13_18_primary})
410,410,calculate,calc.edu.males.13.18.secondary,,,,,,,,,,sum(${edu_males_13_18_secondary})
411,411,calculate,calc.edu.males.13.18.tvet,,,,,,,,,,sum(${edu_males_13_18_tvet})
412,412,calculate,calc.edu.males.13.18.alp,,,,,,,,,,sum(${edu_males_13_18_alp})
413,413,calculate,calc.edu.males.13.18.non.formal,,,,,,,,,,sum(${edu_males_13_18_non_formal})
414,414,calculate,calc.edu.males.13.18.other,,,,,,,,,,sum(${edu_males_13_18_other})
415,415,calculate,calc.edu.males.13.18.unattending.total,,,,,,,,,,sum(${edu_males_13_18_unattending})
416,416,begin repeat,i6,"Females, 13 to 18",,TRUE,${females_13_18} > 0,,field-list,,,${females_13_18},
417,417,calculate,edu.females.13.18.loop.position,,,,,,,,,,position(..)
418,418,select.multiple education.type.list,edu.females.13.18,"Of the ${females_13_18} females aged 13 to 18 in the household, what type of education is the # ${edu_females_13_18_loop_position} female aged 13 to 18 in the household receiving?( in school season)",,TRUE,,,,,,,
419,419,calculate,edu.females.13.18.ecd,,,,,,,,,,"if(selected(${edu_females_13_18}, ""ecd""), ""1"", ""0"")"
420,420,calculate,edu.females.13.18.primary,,,,,,,,,,"if(selected(${edu_females_13_18}, ""primary""), ""1"", ""0"")"
421,421,calculate,edu.females.13.18.secondary,,,,,,,,,,"if(selected(${edu_females_13_18}, ""secondary""), ""1"", ""0"")"
422,422,calculate,edu.females.13.18.tvet,,,,,,,,,,"if(selected(${edu_females_13_18}, ""tvet""), ""1"", ""0"")"
423,423,calculate,edu.females.13.18.alp,,,,,,,,,,"if(selected(${edu_females_13_18}, ""alp""), ""1"", ""0"")"
424,424,calculate,edu.females.13.18.non.formal,,,,,,,,,,"if(selected(${edu_females_13_18}, ""non_formal""), ""1"", ""0"")"
425,425,calculate,edu.females.13.18.other,,,,,,,,,,"if(selected(${edu_females_13_18}, ""other""), ""1"", ""0"")"
426,426,calculate,edu.females.13.18.unattending,,,,,,,,,,"if(selected(${edu_females_13_18}, ""none""), ""1"", ""0"")"
427,427,end repeat,,,,,,,,,,,
428,428,calculate,calc.edu.females.13.18.ecd,,,,,,,,,,sum(${edu_females_13_18_ecd})
429,429,calculate,calc.edu.females.13.18.primary,,,,,,,,,,sum(${edu_females_13_18_primary})
430,430,calculate,calc.edu.females.13.18.secondary,,,,,,,,,,sum(${edu_females_13_18_secondary})
431,431,calculate,calc.edu.females.13.18.tvet,,,,,,,,,,sum(${edu_females_13_18_tvet})
432,432,calculate,calc.edu.females.13.18.alp,,,,,,,,,,sum(${edu_females_13_18_alp})
433,433,calculate,calc.edu.females.13.18.non.formal,,,,,,,,,,sum(${edu_females_13_18_non_formal})
434,434,calculate,calc.edu.females.13.18.other,,,,,,,,,,sum(${edu_females_13_18_other})
435,435,calculate,calc.edu.females.13.18.unattending.total,,,,,,,,,,sum(${edu_females_13_18_unattending})
436,436,calculate,calc.edu.unattending.total,,,,,,,,,,${calc_edu_males_3_5_unattending_total} + ${calc_edu_females_3_5_unattending_total} + ${calc_edu_males_6_12_unattending_total} + ${calc_edu_females_6_12_unattending_total} + ${calc_edu_males_13_18_unattending_total} + ${calc_edu_females_13_18_unattending_total}
437,437,begin group,i7,Barriers to education,,,${calc_edu_unattending_total} > 0,,,,,,
438,438,select.one yn.dk.list,school.previously,"For the children not currently attending school, were they enroled before you were displaced to here?","Do not read the response options. If the respondent says more than 3 sources, prompt them to choose the primary 3.",TRUE,"selected(${respondent_type}, ""refugee"")",,,"not((selected(., ""no_answer"") or selected(., ""none"")) and count-selected(.) > 1) and not(count-selected(.) > 3)","You cannot choose ""None"" or ""I don't know or I don't want to answer"" with another answer. Cannot choose more than 3 responses",,
439,439,select.multiple school.barriers.list,school.barriers,What were the main reasons that not all of the children in the household are attending school?,"Do not read the response options. If the respondent says more than 3 sources, prompt them to choose the primary 3.",TRUE,,,,"not((selected(., ""no_answer"") or selected(., ""none"")) and count-selected(.) > 1) and not(count-selected(.) > 3)","You cannot choose ""None"" or ""I don't know or I don't want to answer"" with another answer. Cannot choose more than 3 responses",,
440,440,text,school.barriers.other,What were the main reasons that not all of the children in the household are attending school?,"Other, please specify:",TRUE,"selected(${school_barriers}, ""other"")",,,,,,
441,441,select.multiple school.cost.barriers.list,school.cost.barriers,Which expenditures could you not afford?,,TRUE,"selected(${school_barriers}, ""high_cost"")",,,"not(selected(., ""no_answer"") and count-selected(.) > 1)","You cannot choose ""I don't know or I don't want to answer"" with another answer. Cannot choose more than 3 responses",,
442,442,text,school.cost.barriers.other,Which expenditures could you not afford?,"Other, please specify:",TRUE,"selected(${school_cost_barriers}, ""other"")",,,,,,
443,443,end group,,,,,,,,,,,
444,444,select.one yn.dk.list,child.support.training,Have you or anyone in the household attended sessions on or discussed with advocates how to support your child with education and development?,,TRUE,${calc_minors} > 0,,,,,,
445,445,end group,,,,,,,,,,,
446,446,geopoint,geopoint,GPS Location,,TRUE,,,,,,,
447,447,note,end.note,Thank you for taking the time to answer this survey.,,,,,,,,,
448,448,,,,,,,,,,,,
449,449,,,,,,,,,,,,
450,450,,,,,,,,,,,,
451,451,,,,,,,,,,,,
452,452,,,,,,,,,,,,
453,453,,,,,,,,,,,,
454,454,,,,,,,,,,,,
455,455,,,,,,,,,,,,
456,456,,,,,,,,,,,,
457,457,,,,,,,,,,,,
458,458,,,,,,,,,,,,
459,459,,,,,,,,,,,,
460,460,,,,,,,,,,,,
461,461,,,,,,,,,,,,
462,462,,,,,,,,,,,,
463,463,,,,,,,,,,,,
464,464,,,,,,,,,,,,
465,465,,,,,,,,,,,,
466,466,,,,,,,,,,,,
467,467,,,,,,,,,,,,
